feature,users_adopted,adoption_rate,avg_usage_per_user
page_creation,49725,0.9945,6.964062342885872
content_editing,49711,0.99422,71.31166140290881
search,42208,0.84416,47.31209723275209
collaboration,21732,0.43464,80.44970550340511
page_viewing,42494,0.84988,117.49183414129054
