stage,stage_number,users_at_stage,conversion_from_previous,overall_conversion,drop_off_rate
awareness,1,50000,1.0,1.0,0.0
signup,2,50000,1.0,1.0,0.0
activation,3,49725,0.9945,0.9945,0.005499999999999949
engagement,4,49711,0.9997184514831574,0.99422,0.0002815485168425891
habit_formation,5,42388,0.8526885397598117,0.84776,0.14731146024018826
collaboration,6,21732,0.5126922713975653,0.43464,0.48730772860243465
monetization,7,9378,0.4315295416896742,0.18756,0.5684704583103257
