segment_type,segment_value,total_users,activation_rate,engagement_rate,habit_rate,collaboration_rate,monetization_rate
segment,enterprise,7578,1.0,1.0,0.8635523884930061,0.8622327790973872,0.5050145157033518
segment,small_team,17625,0.9996028368794326,0.9994326241134752,0.863886524822695,0.8622978723404255,0.19699290780141843
segment,education,2401,0.9979175343606831,0.9979175343606831,0.8583923365264473,0.0,0.11620158267388588
segment,individual,22396,0.9882568315770673,0.9877656724415074,0.8285854616895875,0.0,0.08037149490980532
